{
  "accuracy": 0.9936670687575392,
  "precision_closed": 0.9996922129886119,
  "recall_closed": 0.9812688821752266,
  "f1_closed": 0.9903948772678762,
  "precision_open": 0.9907448872966115,
  "recall_open": 0.9998493522145224,
  "f1_open": 0.9952762990177701
}